[
    {
        "author": "Tirtha",
        "links": {
            "github": "https://github.com/darkc0d37",
            "twitter": "https://twitter.com/tirtha_mandal",
            "linkedin": "",
            "website": "",
            "email": ""
        }
    },
    {
        "author": "0x08",
        "links": {
            "github": "https://github.com/its0x08",
            "twitter": "",
            "linkedin": "",
            "website": "",
            "email": ""
        }
    },
    {
        "author": "Dhiyaneshwaran",
        "links": {
            "github": "https://github.com/DhiyaneshGeek",
            "twitter": "https://twitter.com/DhiyaneshDK",
            "linkedin": "https://www.linkedin.com/in/dhiyaneshwaran-b-27947a131/",
            "website": "https://dhiyaneshgeek.github.io/",
            "email": ""
        }
    },
    {
        "author": "duty_1g",
        "links": {
            "github": "",
            "twitter": "https://twitter.com/duty_1g",
            "linkedin": "",
            "website": "",
            "email": ""
        }
    },
    {
        "author": "phyr3wall",
        "links": {
            "github": "",
            "twitter": "https://twitter.com/phyr3wall",
            "linkedin": "",
            "website": "",
            "email": ""
        }
    },
    {
        "author": "0xPrial",
        "links": {
            "github": "https://www.github.com/0xPrial",
            "twitter": "",
            "linkedin": "",
            "website": "",
            "email": ""
        }
    },
    {
        "author": "0xSmiley",
        "links": {
            "github": "https://www.github.com/0xSmiley",
            "twitter": "",
            "linkedin": "",
            "website": "",
            "email": ""
        }
    },
    {
        "author": "0xceeb",
        "links": {
            "github": "https://www.github.com/0xceeb",
            "twitter": "",
            "linkedin": "",
            "website": "",
            "email": ""
        }
    },
    {
        "author": "5tr1x",
        "links": {
            "github": "https://www.github.com/5tr1x",
            "twitter": "",
            "linkedin": "",
            "website": "",
            "email": ""
        }
    },
    {
        "author": "Abss0x7tbh",
        "links": {
            "github": "https://www.github.com/Abss0x7tbh",
            "twitter": "",
            "linkedin": "",
            "website": "",
            "email": ""
        }
    },
    {
        "author": "AdamCrosser",
        "links": {
            "github": "https://www.github.com/AdamCrosser",
            "twitter": "",
            "linkedin": "",
            "website": "",
            "email": ""
        }
    },
    {
        "author": "Ais8Ooz8",
        "links": {
            "github": "https://www.github.com/Ais8Ooz8",
            "twitter": "",
            "linkedin": "",
            "website": "",
            "email": ""
        }
    },
    {
        "author": "Akokonunes",
        "links": {
            "github": "https://www.github.com/Akokonunes",
            "twitter": "",
            "linkedin": "",
            "website": "",
            "email": ""
        }
    },
    {
        "author": "Al-AizHashim",
        "links": {
            "github": "https://www.github.com/Al-AizHashim",
            "twitter": "",
            "linkedin": "",
            "website": "",
            "email": ""
        }
    },
    {
        "author": "Alex-null",
        "links": {
            "github": "https://www.github.com/Alex-null",
            "twitter": "",
            "linkedin": "",
            "website": "",
            "email": ""
        }
    },
    {
        "author": "Anon-Artist",
        "links": {
            "github": "https://www.github.com/Anon-Artist",
            "twitter": "",
            "linkedin": "",
            "website": "",
            "email": ""
        }
    },
    {
        "author": "CS-Student118",
        "links": {
            "github": "https://www.github.com/CS-Student118",
            "twitter": "",
            "linkedin": "",
            "website": "",
            "email": ""
        }
    },
    {
        "author": "Dheerajmadhukar",
        "links": {
            "github": "https://www.github.com/Dheerajmadhukar",
            "twitter": "",
            "linkedin": "",
            "website": "",
            "email": ""
        }
    },
    {
        "author": "Ganofins",
        "links": {
            "github": "https://www.github.com/Ganofins",
            "twitter": "",
            "linkedin": "",
            "website": "",
            "email": ""
        }
    },
    {
        "author": "Haones",
        "links": {
            "github": "https://www.github.com/Haones",
            "twitter": "",
            "linkedin": "",
            "website": "",
            "email": ""
        }
    },
    {
        "author": "ImNightmaree",
        "links": {
            "github": "https://www.github.com/ImNightmaree",
            "twitter": "",
            "linkedin": "",
            "website": "",
            "email": ""
        }
    },
    {
        "author": "JAS-37",
        "links": {
            "github": "https://www.github.com/JAS-37",
            "twitter": "",
            "linkedin": "",
            "website": "",
            "email": ""
        }
    },
    {
        "author": "JPMartinezz",
        "links": {
            "github": "https://www.github.com/JPMartinezz",
            "twitter": "",
            "linkedin": "",
            "website": "",
            "email": ""
        }
    },
    {
        "author": "LogicalHunter",
        "links": {
            "github": "https://www.github.com/LogicalHunter",
            "twitter": "",
            "linkedin": "",
            "website": "",
            "email": ""
        }
    },
    {
        "author": "LuskaBol",
        "links": {
            "github": "https://www.github.com/LuskaBol",
            "twitter": "",
            "linkedin": "",
            "website": "",
            "email": ""
        }
    },
    {
        "author": "MMrhassel",
        "links": {
            "github": "https://www.github.com/MMrhassel",
            "twitter": "",
            "linkedin": "",
            "website": "",
            "email": ""
        }
    },
    {
        "author": "Mad-robot",
        "links": {
            "github": "https://www.github.com/Mad-robot",
            "twitter": "",
            "linkedin": "",
            "website": "",
            "email": ""
        }
    },
    {
        "author": "Meeeeeeeeeeeeeeeeeeeeeeeeeeeeeeeeeeee",
        "links": {
            "github": "https://www.github.com/Meeeeeeeeeeeeeeeeeeeeeeeeeeeeeeeeeeee",
            "twitter": "",
            "linkedin": "",
            "website": "",
            "email": ""
        }
    },
    {
        "author": "Mubspatel",
        "links": {
            "github": "https://www.github.com/Mubspatel",
            "twitter": "",
            "linkedin": "",
            "website": "",
            "email": ""
        }
    },
    {
        "author": "NagliNagli",
        "links": {
            "github": "https://www.github.com/NagliNagli",
            "twitter": "",
            "linkedin": "",
            "website": "",
            "email": ""
        }
    },
    {
        "author": "P4rtyH4RD",
        "links": {
            "github": "https://www.github.com/P4rtyH4RD",
            "twitter": "",
            "linkedin": "",
            "website": "",
            "email": ""
        }
    },
    {
        "author": "PR3R00T",
        "links": {
            "github": "https://www.github.com/PR3R00T",
            "twitter": "",
            "linkedin": "",
            "website": "",
            "email": ""
        }
    },
    {
        "author": "RandomRobbieBF",
        "links": {
            "github": "https://www.github.com/RandomRobbieBF",
            "twitter": "",
            "linkedin": "",
            "website": "",
            "email": ""
        }
    },
    {
        "author": "SMHTahsin33",
        "links": {
            "github": "https://www.github.com/SMHTahsin33",
            "twitter": "",
            "linkedin": "",
            "website": "",
            "email": ""
        }
    },
    {
        "author": "Serizao",
        "links": {
            "github": "https://www.github.com/Serizao",
            "twitter": "",
            "linkedin": "",
            "website": "",
            "email": ""
        }
    },
    {
        "author": "Shivang0",
        "links": {
            "github": "https://www.github.com/Shivang0",
            "twitter": "",
            "linkedin": "",
            "website": "",
            "email": ""
        }
    },
    {
        "author": "StreetOfHackerR007",
        "links": {
            "github": "https://www.github.com/StreetOfHackerR007",
            "twitter": "",
            "linkedin": "",
            "website": "",
            "email": ""
        }
    },
    {
        "author": "Sy3Omda",
        "links": {
            "github": "https://www.github.com/Sy3Omda",
            "twitter": "",
            "linkedin": "",
            "website": "",
            "email": ""
        }
    },
    {
        "author": "TheConciergeDev",
        "links": {
            "github": "https://www.github.com/TheConciergeDev",
            "twitter": "",
            "linkedin": "",
            "website": "",
            "email": ""
        }
    },
    {
        "author": "Udyz",
        "links": {
            "github": "https://www.github.com/Udyz",
            "twitter": "",
            "linkedin": "",
            "website": "",
            "email": ""
        }
    },
    {
        "author": "YashGoti",
        "links": {
            "github": "https://www.github.com/YashGoti",
            "twitter": "",
            "linkedin": "",
            "website": "",
            "email": ""
        }
    },
    {
        "author": "ZultanH",
        "links": {
            "github": "https://www.github.com/ZultanH",
            "twitter": "",
            "linkedin": "",
            "website": "",
            "email": ""
        }
    },
    {
        "author": "abison1",
        "links": {
            "github": "https://www.github.com/abison1",
            "twitter": "",
            "linkedin": "",
            "website": "",
            "email": ""
        }
    },
    {
        "author": "adiffpirate",
        "links": {
            "github": "https://www.github.com/adiffpirate",
            "twitter": "",
            "linkedin": "",
            "website": "",
            "email": ""
        }
    },
    {
        "author": "adriyansyah-mf",
        "links": {
            "github": "https://www.github.com/adriyansyah-mf",
            "twitter": "",
            "linkedin": "",
            "website": "",
            "email": ""
        }
    },
    {
        "author": "afaq1337",
        "links": {
            "github": "https://www.github.com/afaq1337",
            "twitter": "",
            "linkedin": "",
            "website": "",
            "email": ""
        }
    },
    {
        "author": "aiNeu0taip9ue",
        "links": {
            "github": "https://www.github.com/aiNeu0taip9ue",
            "twitter": "",
            "linkedin": "",
            "website": "",
            "email": ""
        }
    },
    {
        "author": "ajaysenr",
        "links": {
            "github": "https://www.github.com/ajaysenr",
            "twitter": "",
            "linkedin": "",
            "website": "",
            "email": ""
        }
    },
    {
        "author": "alanbriangh",
        "links": {
            "github": "https://www.github.com/alanbriangh",
            "twitter": "",
            "linkedin": "",
            "website": "",
            "email": ""
        }
    },
    {
        "author": "alifathi-h1",
        "links": {
            "github": "https://www.github.com/alifathi-h1",
            "twitter": "",
            "linkedin": "",
            "website": "",
            "email": ""
        }
    },
    {
        "author": "alph4byt3",
        "links": {
            "github": "https://www.github.com/alph4byt3",
            "twitter": "",
            "linkedin": "",
            "website": "",
            "email": ""
        }
    },
    {
        "author": "and-bf",
        "links": {
            "github": "https://www.github.com/and-bf",
            "twitter": "",
            "linkedin": "",
            "website": "",
            "email": ""
        }
    },
    {
        "author": "asurti6783",
        "links": {
            "github": "https://www.github.com/asurti6783",
            "twitter": "",
            "linkedin": "",
            "website": "",
            "email": ""
        }
    },
    {
        "author": "atastycookie",
        "links": {
            "github": "https://www.github.com/atastycookie",
            "twitter": "",
            "linkedin": "",
            "website": "",
            "email": ""
        }
    },
    {
        "author": "bad5ect0r",
        "links": {
            "github": "https://www.github.com/bad5ect0r",
            "twitter": "",
            "linkedin": "",
            "website": "",
            "email": ""
        }
    },
    {
        "author": "bauthard",
        "links": {
            "github": "https://www.github.com/bauthard",
            "twitter": "",
            "linkedin": "",
            "website": "",
            "email": ""
        }
    },
    {
        "author": "bing0o",
        "links": {
            "github": "https://www.github.com/bing0o",
            "twitter": "",
            "linkedin": "",
            "website": "",
            "email": ""
        }
    },
    {
        "author": "bjhulst",
        "links": {
            "github": "https://www.github.com/bjhulst",
            "twitter": "",
            "linkedin": "",
            "website": "",
            "email": ""
        }
    },
    {
        "author": "blckraven",
        "links": {
            "github": "https://www.github.com/blckraven",
            "twitter": "",
            "linkedin": "",
            "website": "",
            "email": ""
        }
    },
    {
        "author": "bnematzadeh",
        "links": {
            "github": "https://www.github.com/bnematzadeh",
            "twitter": "",
            "linkedin": "",
            "website": "",
            "email": ""
        }
    },
    {
        "author": "ca3s1m",
        "links": {
            "github": "https://www.github.com/ca3s1m",
            "twitter": "",
            "linkedin": "",
            "website": "",
            "email": ""
        }
    },
    {
        "author": "daffainfo",
        "links": {
            "github": "https://www.github.com/daffainfo",
            "twitter": "",
            "linkedin": "",
            "website": "",
            "email": ""
        }
    },
    {
        "author": "darrenmartyn",
        "links": {
            "github": "https://www.github.com/darrenmartyn",
            "twitter": "",
            "linkedin": "",
            "website": "",
            "email": ""
        }
    },
    {
        "author": "deFr0ggy",
        "links": {
            "github": "https://www.github.com/deFr0ggy",
            "twitter": "",
            "linkedin": "",
            "website": "",
            "email": ""
        }
    },
    {
        "author": "ehrishirajsharma",
        "links": {
            "github": "https://www.github.com/ehrishirajsharma",
            "twitter": "",
            "linkedin": "",
            "website": "",
            "email": ""
        }
    },
    {
        "author": "ehsahil",
        "links": {
            "github": "https://www.github.com/ehsahil",
            "twitter": "",
            "linkedin": "",
            "website": "",
            "email": ""
        }
    },
    {
        "author": "ehsandeep",
        "links": {
            "github": "https://www.github.com/ehsandeep",
            "twitter": "",
            "linkedin": "",
            "website": "",
            "email": ""
        }
    },
    {
        "author": "evanRubinsteinIT",
        "links": {
            "github": "https://www.github.com/evanRubinsteinIT",
            "twitter": "",
            "linkedin": "",
            "website": "",
            "email": ""
        }
    },
    {
        "author": "flag007",
        "links": {
            "github": "https://www.github.com/flag007",
            "twitter": "",
            "linkedin": "",
            "website": "",
            "email": ""
        }
    },
    {
        "author": "forgedhallpass",
        "links": {
            "github": "https://www.github.com/forgedhallpass",
            "twitter": "https://twitter.com/forgedhallpass",
            "linkedin": "",
            "website": "",
            "email": ""
        }
    },
    {
        "author": "gabrielbarros39",
        "links": {
            "github": "https://www.github.com/gabrielbarros39",
            "twitter": "",
            "linkedin": "",
            "website": "",
            "email": ""
        }
    },
    {
        "author": "geeknik",
        "links": {
            "github": "https://www.github.com/geeknik",
            "twitter": "",
            "linkedin": "",
            "website": "",
            "email": ""
        }
    },
    {
        "author": "gevakun",
        "links": {
            "github": "https://www.github.com/gevakun",
            "twitter": "",
            "linkedin": "",
            "website": "",
            "email": ""
        }
    },
    {
        "author": "github",
        "links": {
            "github": "https://www.github.com/github",
            "twitter": "",
            "linkedin": "",
            "website": "",
            "email": ""
        }
    },
    {
        "author": "hackerrishad",
        "links": {
            "github": "https://www.github.com/hackerrishad",
            "twitter": "",
            "linkedin": "",
            "website": "",
            "email": ""
        }
    },
    {
        "author": "harsh-bothra",
        "links": {
            "github": "https://www.github.com/harsh-bothra",
            "twitter": "",
            "linkedin": "",
            "website": "",
            "email": ""
        }
    },
    {
        "author": "harshinsecurity",
        "links": {
            "github": "https://www.github.com/harshinsecurity",
            "twitter": "",
            "linkedin": "",
            "website": "",
            "email": ""
        }
    },
    {
        "author": "hetroublemaker",
        "links": {
            "github": "https://www.github.com/hetroublemaker",
            "twitter": "",
            "linkedin": "",
            "website": "",
            "email": ""
        }
    },
    {
        "author": "iDuronto",
        "links": {
            "github": "https://www.github.com/iDuronto",
            "twitter": "",
            "linkedin": "",
            "website": "",
            "email": ""
        }
    },
    {
        "author": "impramodsargar",
        "links": {
            "github": "https://www.github.com/impramodsargar",
            "twitter": "",
            "linkedin": "",
            "website": "",
            "email": ""
        }
    },
    {
        "author": "infosecsanyam261",
        "links": {
            "github": "https://www.github.com/infosecsanyam261",
            "twitter": "",
            "linkedin": "",
            "website": "",
            "email": ""
        }
    },
    {
        "author": "ioribrn",
        "links": {
            "github": "https://www.github.com/ioribrn",
            "twitter": "",
            "linkedin": "",
            "website": "",
            "email": ""
        }
    },
    {
        "author": "izn0u",
        "links": {
            "github": "https://www.github.com/izn0u",
            "twitter": "",
            "linkedin": "",
            "website": "",
            "email": ""
        }
    },
    {
        "author": "jeenikaa",
        "links": {
            "github": "https://www.github.com/jeenikaa",
            "twitter": "",
            "linkedin": "",
            "website": "",
            "email": ""
        }
    },
    {
        "author": "jeyaseelan8",
        "links": {
            "github": "https://www.github.com/jeyaseelan8",
            "twitter": "",
            "linkedin": "",
            "website": "",
            "email": ""
        }
    },
    {
        "author": "joeldeleep",
        "links": {
            "github": "https://www.github.com/joeldeleep",
            "twitter": "",
            "linkedin": "",
            "website": "",
            "email": ""
        }
    },
    {
        "author": "johnjhacking",
        "links": {
            "github": "https://www.github.com/johnjhacking",
            "twitter": "",
            "linkedin": "",
            "website": "",
            "email": ""
        }
    },
    {
        "author": "juicypotato1",
        "links": {
            "github": "https://www.github.com/juicypotato1",
            "twitter": "",
            "linkedin": "",
            "website": "",
            "email": ""
        }
    },
    {
        "author": "kevin-ntn",
        "links": {
            "github": "https://www.github.com/kevin-ntn",
            "twitter": "",
            "linkedin": "",
            "website": "",
            "email": ""
        }
    },
    {
        "author": "knightm4re",
        "links": {
            "github": "https://www.github.com/knightm4re",
            "twitter": "",
            "linkedin": "",
            "website": "",
            "email": ""
        }
    },
    {
        "author": "ks6274",
        "links": {
            "github": "https://www.github.com/ks6274",
            "twitter": "",
            "linkedin": "",
            "website": "",
            "email": ""
        }
    },
    {
        "author": "lethargynavigator",
        "links": {
            "github": "https://www.github.com/lethargynavigator",
            "twitter": "",
            "linkedin": "",
            "website": "",
            "email": ""
        }
    },
    {
        "author": "mahhari",
        "links": {
            "github": "https://www.github.com/mahhari",
            "twitter": "",
            "linkedin": "",
            "website": "",
            "email": ""
        }
    },
    {
        "author": "majidmc2",
        "links": {
            "github": "https://www.github.com/majidmc2",
            "twitter": "",
            "linkedin": "",
            "website": "",
            "email": ""
        }
    },
    {
        "author": "manasjha7",
        "links": {
            "github": "https://www.github.com/manasjha7",
            "twitter": "",
            "linkedin": "",
            "website": "",
            "email": ""
        }
    },
    {
        "author": "martincodes-de",
        "links": {
            "github": "https://www.github.com/martincodes-de",
            "twitter": "",
            "linkedin": "",
            "website": "",
            "email": ""
        }
    },
    {
        "author": "melbadry9",
        "links": {
            "github": "https://www.github.com/melbadry9",
            "twitter": "",
            "linkedin": "",
            "website": "",
            "email": ""
        }
    },
    {
        "author": "meme-lord",
        "links": {
            "github": "https://www.github.com/meme-lord",
            "twitter": "",
            "linkedin": "",
            "website": "",
            "email": ""
        }
    },
    {
        "author": "mohammedshine",
        "links": {
            "github": "https://www.github.com/mohammedshine",
            "twitter": "",
            "linkedin": "",
            "website": "",
            "email": ""
        }
    },
    {
        "author": "mr-rizwan-syed",
        "links": {
            "github": "https://www.github.com/mr-rizwan-syed",
            "twitter": "",
            "linkedin": "",
            "website": "",
            "email": ""
        }
    },
    {
        "author": "nahoragg",
        "links": {
            "github": "https://www.github.com/nahoragg",
            "twitter": "",
            "linkedin": "",
            "website": "",
            "email": ""
        }
    },
    {
        "author": "nerrorsec",
        "links": {
            "github": "https://www.github.com/nerrorsec",
            "twitter": "",
            "linkedin": "",
            "website": "",
            "email": ""
        }
    },
    {
        "author": "ninj4c0d3r",
        "links": {
            "github": "https://www.github.com/ninj4c0d3r",
            "twitter": "",
            "linkedin": "",
            "website": "",
            "email": ""
        }
    },
    {
        "author": "niudaii",
        "links": {
            "github": "https://www.github.com/niudaii",
            "twitter": "",
            "linkedin": "",
            "website": "",
            "email": ""
        }
    },
    {
        "author": "nxnjz",
        "links": {
            "github": "https://www.github.com/nxnjz",
            "twitter": "",
            "linkedin": "",
            "website": "",
            "email": ""
        }
    },
    {
        "author": "nytr0gen",
        "links": {
            "github": "https://www.github.com/nytr0gen",
            "twitter": "",
            "linkedin": "",
            "website": "",
            "email": ""
        }
    },
    {
        "author": "olacin",
        "links": {
            "github": "https://www.github.com/olacin",
            "twitter": "",
            "linkedin": "",
            "website": "",
            "email": ""
        }
    },
    {
        "author": "omarkurt",
        "links": {
            "github": "https://www.github.com/omarkurt",
            "twitter": "",
            "linkedin": "",
            "website": "",
            "email": ""
        }
    },
    {
        "author": "oppsec",
        "links": {
            "github": "https://www.github.com/oppsec",
            "twitter": "",
            "linkedin": "",
            "website": "",
            "email": ""
        }
    },
    {
        "author": "organiccrap",
        "links": {
            "github": "https://www.github.com/organiccrap",
            "twitter": "",
            "linkedin": "",
            "website": "",
            "email": ""
        }
    },
    {
        "author": "ossie-git",
        "links": {
            "github": "https://www.github.com/ossie-git",
            "twitter": "",
            "linkedin": "",
            "website": "",
            "email": ""
        }
    },
    {
        "author": "palaziv",
        "links": {
            "github": "https://www.github.com/palaziv",
            "twitter": "",
            "linkedin": "",
            "website": "",
            "email": ""
        }
    },
    {
        "author": "pdiscoveryio",
        "links": {
            "github": "https://www.github.com/pdiscoveryio",
            "twitter": "",
            "linkedin": "",
            "website": "",
            "email": ""
        }
    },
    {
        "author": "pikpikcu",
        "links": {
            "github": "https://www.github.com/pikpikcu",
            "twitter": "",
            "linkedin": "",
            "website": "",
            "email": ""
        }
    },
    {
        "author": "pudsec",
        "links": {
            "github": "https://www.github.com/pudsec",
            "twitter": "",
            "linkedin": "",
            "website": "",
            "email": ""
        }
    },
    {
        "author": "push4d",
        "links": {
            "github": "https://www.github.com/push4d",
            "twitter": "",
            "linkedin": "",
            "website": "",
            "email": ""
        }
    },
    {
        "author": "pussycat0x",
        "links": {
            "github": "https://www.github.com/pussycat0x",
            "twitter": "",
            "linkedin": "",
            "website": "",
            "email": ""
        }
    },
    {
        "author": "r3dg33k",
        "links": {
            "github": "https://www.github.com/r3dg33k",
            "twitter": "",
            "linkedin": "",
            "website": "",
            "email": ""
        }
    },
    {
        "author": "randomstr1ng",
        "links": {
            "github": "https://www.github.com/randomstr1ng",
            "twitter": "",
            "linkedin": "",
            "website": "",
            "email": ""
        }
    },
    {
        "author": "ratnadip1998",
        "links": {
            "github": "https://www.github.com/ratnadip1998",
            "twitter": "",
            "linkedin": "",
            "website": "",
            "email": ""
        }
    },
    {
        "author": "ree4pwn",
        "links": {
            "github": "https://www.github.com/ree4pwn",
            "twitter": "",
            "linkedin": "",
            "website": "",
            "email": ""
        }
    },
    {
        "author": "rojan-rijal",
        "links": {
            "github": "https://www.github.com/rojan-rijal",
            "twitter": "",
            "linkedin": "",
            "website": "",
            "email": ""
        }
    },
    {
        "author": "rtcms",
        "links": {
            "github": "https://www.github.com/rtcms",
            "twitter": "",
            "linkedin": "",
            "website": "",
            "email": ""
        }
    },
    {
        "author": "secureITmania",
        "links": {
            "github": "https://www.github.com/secureITmania",
            "twitter": "",
            "linkedin": "",
            "website": "",
            "email": ""
        }
    },
    {
        "author": "shelld3v",
        "links": {
            "github": "https://www.github.com/shelld3v",
            "twitter": "",
            "linkedin": "",
            "website": "",
            "email": ""
        }
    },
    {
        "author": "sillydadddy",
        "links": {
            "github": "https://www.github.com/sillydadddy",
            "twitter": "",
            "linkedin": "",
            "website": "",
            "email": ""
        }
    },
    {
        "author": "skar4444",
        "links": {
            "github": "https://www.github.com/skar4444",
            "twitter": "",
            "linkedin": "",
            "website": "",
            "email": ""
        }
    },
    {
        "author": "swisskyrepo",
        "links": {
            "github": "https://www.github.com/swisskyrepo",
            "twitter": "",
            "linkedin": "",
            "website": "",
            "email": ""
        }
    },
    {
        "author": "team-projectdiscovery",
        "links": {
            "github": "https://www.github.com/team-projectdiscovery",
            "twitter": "",
            "linkedin": "",
            "website": "",
            "email": ""
        }
    },
    {
        "author": "thesubtlety",
        "links": {
            "github": "https://www.github.com/thesubtlety",
            "twitter": "",
            "linkedin": "",
            "website": "",
            "email": ""
        }
    },
    {
        "author": "udit-thakkur",
        "links": {
            "github": "https://www.github.com/udit-thakkur",
            "twitter": "",
            "linkedin": "",
            "website": "",
            "email": ""
        }
    },
    {
        "author": "uhnysh",
        "links": {
            "github": "https://www.github.com/uhnysh",
            "twitter": "",
            "linkedin": "",
            "website": "",
            "email": ""
        }
    },
    {
        "author": "unstabl3",
        "links": {
            "github": "https://www.github.com/unstabl3",
            "twitter": "",
            "linkedin": "",
            "website": "",
            "email": ""
        }
    },
    {
        "author": "v1dhun",
        "links": {
            "github": "https://www.github.com/v1dhun",
            "twitter": "",
            "linkedin": "",
            "website": "",
            "email": ""
        }
    },
    {
        "author": "wisnupramoedya",
        "links": {
            "github": "https://www.github.com/wisnupramoedya",
            "twitter": "",
            "linkedin": "",
            "website": "",
            "email": ""
        }
    },
    {
        "author": "xElkomy",
        "links": {
            "github": "https://www.github.com/xElkomy",
            "twitter": "",
            "linkedin": "",
            "website": "",
            "email": ""
        }
    },
    {
        "author": "zzeitlin",
        "links": {
            "github": "https://www.github.com/zzeitlin",
            "twitter": "",
            "linkedin": "",
            "website": "",
            "email": ""
        }
    },
    {
        "author": "heywoodlh",
        "links": {
            "github": "https://www.github.com/heywoodlh",
            "twitter": "",
            "linkedin": "",
            "website": "https://the-empire.systems",
            "email": ""
        }
    },
    {
        "author": "noraj",
        "links": {
            "github": "https://github.com/noraj",
            "twitter": "https://twitter.com/noraj_rawsec",
            "linkedin": "",
            "website": "https://pwn.by/noraj",
            "email": ""
        }
    },{
        "author": "mabdullah22",
        "links": {
            "github": "https://www.github.com/maabdullah22",
            "twitter": "https://twitter.com/0x416264",
            "linkedin": "",
            "website": "",
            "email": ""
        }
    }
]